id,name,surname,birthdate
0,Markita,Burch,1972-07-04
1,Samuel,Romero,1987-05-08
2,Emelia,Hopper,1963-04-24
3,Providencia,Pierce,1970-09-01
4,Ammie,Kemp,1976-01-13
5,Kendal,Barton,1993-08-19
6,Lael,Stone,1992-11-24
7,Neda,Shields,2004-10-22
8,Emmaline,Duke,1995-06-19
9,Shaquana,Dotson,1965-08-18
10,Chassidy,Terry,1978-01-24
11,Mabelle,Morin,1991-04-02
12,Ethelene,Jennings,2004-02-24
13,Melaine,Winters,1994-08-06
14,Inger,Cotton,1970-01-05
15,Victor,James,1971-06-07
16,Chang,Roy,1961-06-29
17,Vivien,Burks,1966-09-28
18,Shea,Walton,1978-11-16
19,Shemika,Sandoval,1979-02-17
20,Krystina,Pope,1980-10-24
21,Shavonne,Bishop,1973-10-04
22,Shaunda,Lott,1981-02-13
23,Maryam,Nash,1968-07-09
24,Jeanice,Contreras,1961-08-09
25,Carolyne,Price,1969-10-14
26,Eladia,Hays,1995-04-21
27,Gia,Larson,1973-11-11
28,Leontine,Cochran,1962-07-01
29,Mathilda,Freeman,1965-10-22
30,Glynda,Farrell,1977-05-01
31,Carlos,Burke,1983-06-14
32,Sherice,Crawford,1982-10-10
33,Chanelle,Foster,2003-08-10
34,Delana,Frederick,1971-08-01
35,Marshall,Lucas,1966-05-21
36,Kelle,Sykes,1983-05-13
37,Rochell,Long,1982-05-20
38,Pinkie,Burns,2000-10-26
39,Lourie,Bowman,1977-09-07
40,Mariel,Page,1966-06-02
41,Darcel,Bradford,1964-11-26
42,Junita,Garner,1987-12-30
43,Kasandra,Dickson,1986-06-14
44,Quyen,England,1990-08-11
45,Tommye,Rivers,1973-03-17
46,Delpha,Zimmerman,1986-02-20
47,Toshia,Martin,1966-03-27
48,Chery,Knox,1964-03-22
49,Crissy,Gilbert,1991-04-05
50,Tisa,Ortega,2001-05-01
51,Tarra,Porter,1967-05-13
52,Penni,Ewing,2003-02-13
53,Louanne,Chapman,1993-03-07
54,Charlott,James,1964-11-02
55,Rubi,Alford,1988-08-25
56,Azzie,Wood,1990-06-09
57,Silvana,Duran,1993-09-08
58,Fermina,Wilson,1996-01-25
59,Troy,Wilcox,2000-02-27
60,Jannet,Knapp,1966-08-13
61,Jolanda,Dudley,1997-02-08
62,Quyen,Mejia,1963-05-20
63,Tatum,Rasmussen,1978-04-10
64,Evia,Bonner,2001-06-27
65,Jon,Hampton,1999-02-25
66,Rolande,Howard,1986-05-12
67,Rebbecca,Marsh,1980-08-16
68,Jule,Horne,1969-02-09
69,Codi,Wolfe,1979-07-29
70,Margarett,Blair,2003-07-24
71,Charlott,Rivas,2004-09-22
72,Kaley,Stevenson,1990-03-10
73,Felicidad,Nixon,1984-04-30
74,Earleen,Combs,2005-04-19
75,Kourtney,Heath,1984-04-16
76,Magen,Knowles,1987-10-07
77,Loura,Parker,1978-11-04
78,Danuta,Hansen,2005-10-27
79,Chery,Wallace,1986-03-18
80,Karole,Hanson,1971-02-22
81,Chaya,Alford,1983-12-11
82,Rudy,Ferguson,1985-03-05
83,Gala,Pearson,1973-04-03
84,Ronald,Petersen,2000-11-19
85,Regena,Cobb,1991-08-23
86,Rosia,Young,1996-09-26
87,Almeta,Bright,2005-05-19
88,Gertrud,Miller,1993-12-14
89,Heide,Huffman,1966-08-13
90,Monserrate,Espinoza,2004-07-08
91,Minna,Dale,1965-12-14
92,Danuta,Ross,1983-08-08
93,Ardath,Wood,1989-11-09
94,Donetta,Workman,1999-05-29
95,Sheridan,Brock,1978-01-09
96,Julee,Sanchez,1960-11-01
97,Genevie,Baird,1980-01-26
98,Lavelle,Rodriguez,2000-10-29
99,Alethea,Noble,1989-02-18
100,Merrill,Norris,1988-09-14
101,Eugene,Dawson,1969-02-28
102,Ardella,Kelly,1960-11-26
103,Regine,Glover,1997-07-21
104,Cristin,Myers,1965-04-02
105,Tobie,Armstrong,1962-07-07
106,Leontine,O'brien,1980-03-08
107,Olympia,Carter,1972-07-26
108,Winter,Hansen,1976-03-09
109,Raisa,Daniels,1973-02-21
110,Gregory,Hatfield,2001-08-24
111,Denese,Price,1962-08-17
112,Alane,Wooten,1971-05-20
113,Lecia,Hurst,1982-07-02
114,Joselyn,Foley,1994-03-11
115,Lisbeth,Richards,1972-04-16
116,Sherice,Gray,1973-08-28
117,Emilee,Woods,1990-01-12
118,Crista,Mcleod,1982-05-18
119,Britta,Mcclain,1994-04-21
120,Lera,Kinney,1975-07-06
121,Jessenia,Meadows,1995-08-31
122,Denny,Burris,1998-09-24
123,Linsey,Moody,1966-06-01
124,Leeanna,Mathews,1983-03-02
125,Lizzette,Valdez,1971-12-17
126,Jerlene,Jensen,1967-10-20
127,Brigid,Hayes,1987-02-12
128,Lilliana,Huber,1962-08-21
129,Jina,Castro,1968-08-01
130,Marybelle,Boyd,1990-07-10
131,Kizzy,Sanders,1993-04-27
132,Emiko,Ortiz,1985-06-12
133,Virgil,Potter,1996-03-10
134,Jamee,Mcfadden,2004-01-09
135,Min,Larson,1987-04-09
136,Annika,Atkins,1962-04-30
137,Donetta,Dean,1981-09-10
138,Kazuko,Dudley,1990-11-09
139,Arla,Combs,1976-02-27
140,Leia,Waller,1986-10-26
141,Delcie,Howe,1961-10-06
142,Marisha,Mack,1995-09-03
143,Shavonda,Franco,2002-09-24
144,Louvenia,Marshall,1990-03-06
145,Taina,Larson,1980-09-23
146,Andera,Wilkerson,1960-09-20
147,Krystina,Pope,1997-09-24
148,Loni,Hickman,1988-03-18
149,Domenica,Ingram,1994-09-22
150,Glayds,Armstrong,1989-01-03
151,Jeanice,Pickett,1967-11-18
152,Joie,Holmes,1992-09-17
153,Cristen,Rhodes,1997-11-24
154,Shanelle,Strong,1988-09-09
155,Aleen,Zimmerman,1967-09-04
156,Annis,Tran,1983-01-23
157,Franchesca,Thompson,1982-12-31
158,Ayana,Bush,1988-05-24
159,Lauralee,Riddle,1977-05-25
160,Mitzie,Chen,1962-01-15
161,Yuki,Golden,1994-06-10
162,Temika,Walter,1966-12-19
163,Deloras,Huffman,1977-09-05
164,Mariella,Hendricks,1974-07-13
165,Laine,Galloway,1999-12-02
166,Ula,Harris,1989-02-04
167,Ciera,Morrison,1996-06-14
168,Emerald,Ball,1992-05-18
169,Rachal,Jones,2002-04-29
170,Arthur,Roy,1981-11-09
171,Augustina,Noble,1997-08-28
172,Theresia,Sampson,1970-08-22
173,Keren,Gamble,1993-07-09
174,Jolyn,Ferguson,1990-07-01
175,Chia,Miranda,1989-10-25
176,Maisie,Hart,1962-01-20
177,Madelene,Benson,1980-06-16
178,Quiana,Cervantes,1985-04-13
179,Shiloh,Glover,1972-12-24
180,Floria,Christian,1974-07-20
181,Margert,Fields,1960-01-14
182,Katelynn,Shepherd,1972-06-21
183,Shantae,Dillard,1994-09-03
184,Jon,Porter,1999-10-30
185,Sage,Nichols,1976-07-09
186,Beverlee,Lamb,2002-05-06
187,Tamekia,Perry,1975-04-21
188,Soo,Avila,1993-06-14
189,Terica,Cummings,1960-12-06
190,Brunilda,Bartlett,1967-02-24
191,Maile,Levy,1992-12-25
192,Deeanna,Logan,1987-08-03
193,Thresa,Prince,1961-06-29
194,Pearle,Head,1968-08-30
195,Annika,Hickman,1998-05-13
196,An,Armstrong,1965-12-13
197,Verlene,Cabrera,2002-09-07
198,Maira,West,1970-01-07
199,Somer,Cain,1997-11-02
200,Verlie,Garrett,1960-04-08
201,Sharika,Leon,1997-04-30
202,Marhta,Bush,1989-05-27
203,Lieselotte,Hatfield,1990-02-15
204,Yevette,Thompson,1976-09-15
205,Sadye,Burnett,1972-10-13
206,Golden,Nguyen,1970-03-10
207,Jene,Payne,1972-04-17
208,Edris,Mendez,1999-10-16
209,Kiesha,Roberson,1990-02-04
210,Fredericka,Reynolds,1988-12-24
211,Austin,Ford,1992-07-29
212,Donette,Stewart,1997-11-29
213,Williemae,Howard,1978-07-10
214,Lizeth,Price,1979-03-06
215,Marguerita,Waller,1974-02-08
216,Laurence,Mckay,1967-01-03
217,Elayne,Monroe,2004-05-25
218,Shanti,Herrera,1980-08-02
219,Doreatha,Hurley,2004-11-14
220,Jeneva,Stein,2004-06-12
221,Kaycee,Bass,1962-09-21
222,Elsy,Roberts,2001-05-24
223,Pandora,Townsend,1980-02-03
224,Salome,Sexton,1965-03-12
225,Venice,Mcfarland,2002-08-14
226,Lannie,Short,2005-12-16
227,Lael,Stuart,1978-08-10
228,Kaleigh,Woodard,1983-06-28
229,Bernetta,Guthrie,2004-10-21
230,Latesha,Waters,1964-04-29
231,Chantay,Hancock,1961-03-12
232,Mariel,Richards,1973-07-11
233,Ji,Mendoza,1995-04-19
234,Bev,Rocha,1982-06-10
235,Jaymie,Waller,1976-01-24
236,Sharilyn,Matthews,1960-09-14
237,Laurine,Foreman,1981-01-22
238,Maryetta,Saunders,1970-08-30
239,Sherlene,Horton,1986-10-07
240,Shin,Aguirre,1962-03-12
241,Krystina,Brady,1968-08-28
242,Shira,Wiley,1978-01-31
243,Buena,Diaz,1972-09-21
244,Margeret,Rivas,1975-09-17
245,Wendolyn,Carpenter,1964-11-06
246,Carlita,Robinson,2001-10-10
247,Taren,Ruiz,1973-01-22
248,Ta,Fields,2004-11-12
249,Cicely,Santos,2002-04-04
250,Petrina,Duke,1980-11-27
251,Drew,Patterson,1971-04-21
252,Marisha,Hurst,2001-08-02
253,Kathyrn,Livingston,2001-12-03
254,Ceola,Hardin,1997-02-26
255,Daisey,Levy,1977-04-18
256,Madalene,Patterson,1987-06-26
257,Tawna,Avila,1994-04-30
258,Harmony,Fowler,1977-02-21
259,Gidget,Parks,2002-05-06
260,Donella,Brewer,1978-01-27
261,Keli,Hale,1965-07-17
262,Adaline,Booker,1976-04-17
263,Ruthanne,Downs,1960-02-09
264,Sena,Kane,1972-12-31
265,Akiko,Moore,1968-07-04
266,Slyvia,Livingston,1966-09-15
267,Solange,Hart,1965-10-09
268,Kymberly,Keller,1967-07-20
269,Kelle,Jenkins,1977-05-03
270,Yuk,Floyd,2000-04-23
271,Maurice,Hayes,1963-05-29
272,Micheal,Mcintosh,1994-04-16
273,Rochel,Kennedy,1970-11-09
274,Marceline,Clay,2000-10-07
275,Nichol,Spence,1996-06-24
276,Torrie,Cooke,1977-02-01
277,Lezlie,Nunez,1985-09-20
278,Jacquelynn,Mcdowell,2004-10-26
279,Nana,Wilkinson,1973-08-19
280,Ludivina,Skinner,1964-10-23
281,Lashawnda,Sharpe,1990-05-21
282,Carita,Fitzgerald,1962-03-07
283,Asuncion,Duran,1997-01-20
284,Shira,Taylor,1972-04-12
285,Karleen,Stewart,1965-12-09
286,Elinore,Tanner,1967-03-16
287,Marceline,Trujillo,1997-06-25
288,Leida,Burnett,1985-10-29
289,Theo,Alvarez,1975-05-31
290,Dorotha,Myers,1979-04-09
291,Antonetta,Stuart,1984-11-26
292,Keli,Humphrey,1993-07-11
293,Dorian,Rios,1972-12-27
294,Chieko,Wheeler,2002-09-04
295,Inell,Riddle,1961-07-23
296,Yun,Pacheco,1965-02-12
297,Nancey,Holden,1970-08-14
298,Rochel,Walter,1961-01-27
299,Tomika,Riggs,1992-12-31
300,Ute,Padilla,1988-07-19
301,Donald,Heath,1968-11-25
302,Julienne,Herrera,2000-05-02
303,Loreta,Forbes,1978-10-03
304,Glenn,Norton,1967-06-25
305,Hermina,Berg,1964-06-24
306,Toshiko,Jensen,1995-04-04
307,Cayla,Davis,1989-10-14
308,Latia,Garcia,1992-06-13
309,Elly,Weaver,1962-02-19
310,Pearlene,Hurst,1997-06-24
311,Hien,Branch,1963-07-21
312,Glennis,Ramsey,1998-11-12
313,Karyl,Barrera,1967-08-07
314,Tandy,Page,1978-09-29
315,Catherina,Wagner,1997-03-27
316,Venetta,Rasmussen,1987-11-08
317,Rachal,Williamson,1984-03-23
318,Sanora,Daugherty,1979-10-17
319,Zita,Salas,1962-04-05
320,Tayna,Cooley,1961-05-20
321,Marine,Dyer,1994-02-18
322,Jerrica,Bell,1981-07-16
323,Monet,Ware,2000-10-25
324,Vena,Huffman,1978-07-09
325,Clarine,Hanson,1988-08-16
326,Charise,Gilliam,2002-09-05
327,Regine,Ratliff,1985-06-02
328,Brittni,Erickson,1984-03-19
329,Margit,Mitchell,1983-12-08
330,Candie,Shelton,1995-05-11
331,Sheridan,Mccarthy,1968-11-24
332,Mozella,Castro,1986-04-02
333,Kenisha,Robles,1960-03-20
334,Marth,Lewis,1964-11-07
335,Karmen,Rivas,1998-07-04
336,Janella,Workman,1997-09-18
337,Fe,Avila,2005-02-08
338,Sherika,Logan,1990-04-16
339,Janella,Bryan,1984-05-23
340,Janise,Watts,1994-11-13
341,Julio,Paul,1996-10-03
342,Maurice,Whitney,1987-04-03
343,Bee,Herring,1975-11-10
344,Olene,Keller,1961-11-01
345,Particia,Berger,1969-10-22
346,Seema,Nieves,1993-09-12
347,Lizeth,Carver,1974-05-16
348,Patience,Daugherty,1984-11-21
349,Crystle,Mayer,1991-05-25
350,Deja,O'neal,1977-10-12
351,Evelyne,Hurley,2001-12-05
352,Amal,Garcia,1996-03-24
353,Janay,Mcmillan,1967-07-01
354,Branda,Brennan,1974-08-15
355,Wendie,Dixon,1995-06-09
356,Mabelle,Banks,1979-07-05
357,Maurice,Browning,2001-03-04
358,Shizue,Ramsey,2000-09-11
359,Crista,Mcconnell,1961-08-28
360,Nenita,Ewing,2001-03-16
361,Thora,Maynard,2001-06-29
362,Johanne,Schroeder,2002-05-31
363,Maryam,Butler,1971-03-09
364,Lashawnda,Benjamin,2002-08-15
365,Annamae,Mckay,1962-04-11
366,Jacquetta,Hess,2005-05-07
367,Synthia,Fuller,1999-03-16
368,Danika,Chan,1995-08-01
369,Arlena,Sweeney,1965-10-14
370,Jacelyn,Gross,1968-10-22
371,Stephane,Ortiz,1970-03-08
372,Stephania,Prince,1994-09-23
373,Sau,Mclaughlin,1997-07-23
374,Soila,Caldwell,2000-10-16
375,Merilyn,Bradley,1995-09-07
376,Cherryl,Whitney,1975-02-07
377,Arletta,Soto,1993-09-12
378,Latoyia,Mcbride,1986-09-20
379,Charis,Gilmore,1960-03-13
380,Kasie,Cervantes,1997-07-06
381,Ludie,Zamora,1978-09-18
382,Dagmar,Gregory,1974-12-14
383,Kacy,Hancock,1967-05-21
384,Beaulah,Henderson,1993-01-23
385,Tonda,Wright,1966-09-14
386,Minh,Lynch,1993-04-10
387,Reiko,Black,1988-08-19
388,Jona,Richardson,1962-03-24
389,Brynn,Daniels,1983-05-06
390,Lizzette,Gentry,1974-12-10
391,Amberly,Roy,1983-12-31
392,Vania,Delaney,1990-04-18
393,Maryland,Andrews,1961-09-02
394,Sol,Ferrell,1965-12-19
395,Delicia,Joyner,2003-01-28
396,Floretta,Glass,1970-02-04
397,Letty,Macias,1992-09-08
398,Kimberli,Snider,1981-01-07
399,Nenita,Payne,1970-10-18
400,Thao,Jones,1985-03-19
401,Lory,Chan,1989-02-04
402,Jeanmarie,Odom,2000-08-03
403,Desirae,Miranda,1972-12-14
404,Julene,Barnett,1961-01-17
405,Gracia,Castillo,1974-11-25
406,Jack,Silva,1990-03-06
407,Mao,Whitehead,1976-11-30
408,Shanae,Pruitt,1969-09-06
409,Bebe,Wade,1978-08-07
410,Versie,Hall,1975-02-15
411,Onita,Bright,1981-06-09
412,Shantay,Kirk,1982-08-13
413,Melissia,Garrett,1981-01-03
414,Arnetta,Griffith,1993-01-14
415,Mozella,Mann,1984-05-18
416,Marivel,Livingston,1967-03-09
417,Kimbra,Pope,1999-01-13
418,Randa,Sampson,1994-12-02
419,Maris,Dodson,1992-12-05
420,Carl,Murphy,1990-12-03
421,Janessa,Gilmore,1986-02-07
422,Ligia,Carney,1998-05-11
423,Janise,Hodge,1975-11-24
424,Rachell,England,1981-05-02
425,Tiny,Estes,1981-06-08
426,Cleotilde,Gilbert,1983-07-08
427,Marya,Chaney,1993-05-16
428,Shanae,Kline,1964-02-23
429,Gianna,Jarvis,2004-09-02
430,Eric,Gillespie,1996-09-14
431,Renetta,Jones,1984-11-18
432,Cordie,Baxter,1968-06-28
433,Zenobia,William,1984-08-16
434,Adelle,Gonzalez,1991-07-19
435,Arcelia,Carter,1978-11-04
436,Lizeth,Mckinney,2000-07-01
437,Allen,Watts,1967-05-26
438,Alejandrina,Edwards,1967-04-22
439,Coletta,Pacheco,1995-08-26
440,Casimira,Bruce,1994-09-17
441,Dorine,Gibson,1998-02-26
442,Julienne,Acevedo,1979-02-02
443,Concha,Mcdonald,1967-01-26
444,Magali,Coleman,1961-05-01
445,Lesha,Morin,1975-01-15
446,Berry,Dixon,1965-12-11
447,Darby,Kirk,1960-10-14
448,Carlena,Aguilar,1976-04-12
449,Daisey,Armstrong,1968-06-09
450,Teisha,Thomas,1970-02-03
451,Camelia,Clark,2005-07-30
452,Fe,Weber,1997-06-01
453,Glynda,Palmer,1974-12-24
454,Quinn,Christian,1990-09-05
455,Sook,Mcconnell,1985-08-29
456,Lillia,Rich,1972-06-28
457,Sacha,Flores,1970-10-10
458,Joella,Patel,1971-02-20
459,Moriah,Bradshaw,1996-02-06
460,Terrell,Boyd,1973-10-21
461,Jacelyn,Berg,1978-02-05
462,Elin,Parks,1987-01-02
463,Nichol,Jefferson,1983-06-07
464,Cyndy,Mcmahon,1974-10-07
465,Amiee,Ray,1993-03-11
466,Denny,Sutton,1964-12-10
467,Shantae,Houston,1993-02-10
468,Caron,Callahan,1994-01-09
469,Lore,Randall,1982-06-02
470,Nakita,Mckinney,1996-10-07
471,Shawnta,Small,1970-07-16
472,Shaneka,Boyd,2003-04-22
473,Dyan,Garrison,1996-10-16
474,Luanna,Mccormick,1965-12-17
475,Marguerita,Pittman,1994-08-15
476,Nevada,Leach,1994-03-19
477,Emmy,May,1968-02-18
478,Bethanie,Barry,1967-08-02
479,Jacquetta,Kaufman,1986-10-14
480,Sandee,Burgess,1988-12-26
481,Pei,Dalton,1961-06-01
482,Delorse,Glenn,1985-09-24
483,Hana,Thompson,1964-01-23
484,Belkis,Haney,1967-08-28
485,Janessa,Brooks,2005-01-15
486,Annita,Park,1972-06-14
487,Ute,Velez,1996-12-05
488,Angelika,Orr,2003-07-05
489,Ali,Hendrix,1984-08-25
490,Loria,Harmon,1974-10-05
491,Bee,Mcpherson,2000-01-27
492,Angelo,Serrano,1993-06-12
493,Yuko,Bradshaw,1979-12-09
494,Tula,Branch,1966-02-01
495,Thi,Pruitt,1987-11-12
496,Christia,Calhoun,1995-06-06
497,Terica,Conley,2000-12-05
498,Kanisha,Bass,1973-09-25
499,Jeni,Curry,1996-09-13
500,Sharita,Cooper,2003-01-08
501,Yoshie,Reilly,1973-12-22
502,Blossom,Campos,1989-04-28
503,Jonie,Lara,1999-04-11
504,Melissia,Collier,1983-02-19
505,Pamila,Keller,1982-09-21
506,Tomika,Long,1987-05-24
507,Laurence,Cross,1997-02-25
508,Marlana,Park,1990-07-23
509,Teisha,Morales,1975-06-12
510,Cyndy,Walker,1961-05-14
511,Ellan,Pickett,1987-07-26
512,Mariette,Clements,2004-08-10
513,Iluminada,Bishop,1974-06-23
514,Georgann,Coleman,1996-09-22
515,Cyrstal,Mills,1981-11-24
516,Lavenia,Rivas,2000-03-09
517,Emelda,Zamora,1966-01-22
518,Asuncion,Delgado,2002-10-11
519,Ute,Graham,1960-02-28
520,Kizzie,Hudson,1965-03-06
521,Dannie,Price,1980-03-31
522,Jame,Barber,1970-08-12
523,Mariella,Lester,1973-12-31
524,Zada,Wells,1971-01-11
525,Mitsuko,Patel,1996-08-28
526,Ranae,Nicholson,1999-07-27
527,Micheline,Fisher,1974-10-05
528,Contessa,Kramer,1998-03-16
529,Mila,Macdonald,2001-03-29
530,Claudie,Munoz,1996-01-05
531,Charita,Suarez,1995-05-04
532,Celesta,Mckee,2003-12-15
533,Willene,Drake,1976-12-14
534,Darby,Holland,1974-10-20
535,Wan,Parks,2003-09-28
536,Minh,Sargent,1979-07-20
537,Mardell,Chavez,1997-02-02
538,Nubia,Bradshaw,1960-12-08
539,Cicely,Schneider,2000-12-24
540,Michelina,Evans,1969-03-21
541,Renetta,Berg,1977-01-28
542,Carmelia,Jones,1993-07-22
543,Melania,Kirk,1977-05-13
544,Barbar,Sykes,1983-10-16
545,Kristle,Moses,1981-01-20
546,Victorina,Mcguire,1986-10-15
547,Kimberlie,Walsh,1964-06-16
548,Marcelene,Miller,1965-08-20
549,Sumiko,Vasquez,1972-12-01
550,Eleonor,Dudley,1992-04-18
551,Fe,Talley,1975-06-16
552,Arlena,Kim,1994-09-22
553,Tammera,Strong,2003-05-31
554,Delana,Hooper,1963-01-10
555,Alona,Drake,1974-04-11
556,Lilliana,Parks,1987-04-25
557,Johnny,Beck,1962-05-08
558,Jamika,Pittman,1964-01-17
559,Lauralee,Crosby,2001-08-13
560,Katheleen,Cantu,1995-03-16
561,Terisa,Graves,1964-06-06
562,Lili,Ramirez,1981-06-27
563,Lady,Lang,1996-11-14
564,Larry,Chandler,1986-02-28
565,Arlette,Powell,1970-12-24
566,Laraine,Phelps,1971-05-27
567,Charlott,Carney,1968-09-25
568,Martin,Lewis,1998-10-08
569,Collene,Klein,1972-05-19
570,Sherrell,Bird,1992-05-25
571,Trang,Jacobs,1966-06-14
572,Ping,Randall,1989-06-28
573,Chae,Wood,2002-11-25
574,Branda,Hardy,1963-10-09
575,Katherin,Hardin,1983-05-19
576,Wanetta,Hudson,1974-01-03
577,Halina,Harmon,1994-01-04
578,Serita,Foreman,2000-12-29
579,Yen,White,2005-06-17
580,Luanna,Mcclure,1968-10-23
581,Neda,Pittman,1974-05-22
582,Aleida,Blevins,1967-08-07
583,Ceola,Copeland,2001-07-21
584,Mercedez,Bright,1993-11-18
585,Lewis,Sanford,1968-09-01
586,Tyisha,Cantrell,1993-03-11
587,Brittanie,Leach,1997-09-29
588,Syreeta,Berry,1986-02-15
589,Keiko,Gibson,1999-03-05
590,Sherika,Puckett,1994-04-28
591,Thalia,Delaney,1997-10-03
592,Kanesha,Kerr,1963-04-03
593,Danuta,Fleming,1992-06-30
594,Love,Ramsey,1986-10-14
595,Melissia,Malone,1967-11-04
596,Kiesha,Rivers,2001-04-10
597,Esta,Walsh,1963-06-21
598,Willodean,Mcfarland,2000-12-04
599,Kena,Bentley,1979-08-18
600,Lilliana,George,1962-09-30
601,Deetta,Diaz,1969-02-13
602,Reita,Buckner,2002-08-23
603,Emmy,Clemons,2003-10-06
604,Cammie,Ortega,1971-08-03
605,Consuela,Wallace,2005-09-06
606,Tari,Kerr,1970-06-16
607,Maragaret,Gamble,2002-11-08
608,Kary,Preston,2005-03-17
609,Jamee,Waller,1979-11-26
610,Margherita,Walls,1990-07-10
611,Yuriko,Lara,1982-05-15
612,Casimira,Tyson,1998-10-29
613,Andrew,Mann,2001-02-01
614,Sharell,Booth,1984-01-02
615,Hyo,Hatfield,1976-11-07
616,Isela,Hawkins,1980-09-06
617,Savanna,Gaines,1968-08-06
618,Lacresha,Olson,1978-07-20
619,Brittanie,Santos,1997-03-29
620,Hertha,Carr,1980-06-22
621,Luana,Mcclain,1963-06-04
622,Sherika,Bush,1973-04-15
623,Cristin,Perry,1987-08-16
624,Glynis,Nunez,1998-05-01
625,Arcelia,Goff,1987-11-28
626,Moon,Serrano,1993-11-24
627,Page,Larson,1960-03-30
628,Leigha,Humphrey,1979-03-23
629,Cicely,Reeves,1981-09-27
630,Nubia,Daugherty,1996-03-03
631,Tonie,Britt,1978-05-10
632,Le,Sellers,1985-12-28
633,Pearly,Morris,1974-02-06
634,Donella,Olson,1981-01-05
635,Jamika,Richard,1982-06-24
636,Golden,Burnett,1973-05-06
637,Yuri,Jensen,1973-01-14
638,Jacqui,Shannon,1970-02-07
639,Rema,Skinner,1980-04-29
640,Ellamae,Hopkins,1975-01-11
641,Maegan,Simon,1994-06-16
642,Wilhemina,Weber,1984-12-01
643,Tamatha,Serrano,2001-05-07
644,Melania,Poole,2003-07-02
645,Lera,Palmer,1991-07-14
646,Mariette,Moody,2002-01-22
647,Leida,Nichols,2004-01-27
648,Lashawnda,Simpson,1991-09-07
649,Tayna,Carpenter,1972-10-18
650,Mario,Edwards,1990-05-31
651,Temple,Kent,1968-05-22
652,Jaymie,Thomas,1967-10-14
653,Bari,Rivera,1982-09-20
654,Sharell,Mullen,2003-05-01
655,Quiana,Lawrence,2000-04-11
656,Chanell,Townsend,1981-11-22
657,Alyse,Boyd,1982-10-03
658,Keitha,Dillon,1975-12-18
659,Alyse,Snow,1968-04-11
660,Josphine,Gallagher,1968-11-20
661,Lashon,Maddox,1973-08-22
662,Vashti,Cotton,1971-04-22
663,Beata,Elliott,1986-05-31
664,Elsy,French,1967-04-18
665,Michel,Thompson,1985-05-29
666,Roselia,Murphy,1999-12-11
667,Danille,Buckner,1971-03-01
668,Ardelia,Wolf,1997-06-12
669,Keeley,Roach,1992-03-21
670,Catrice,Kirk,1990-04-17
671,Verlie,Riggs,1981-03-08
672,Loreen,Swanson,1962-07-10
673,Maryanna,Witt,1975-03-24
674,Caterina,Holden,1973-08-13
675,Annalisa,Wilder,1978-06-08
676,Stephen,Avery,1990-03-01
677,Taren,Hancock,1965-04-26
678,Ayako,Guerrero,1991-02-12
679,Merrill,Dickson,1995-05-07
680,Shawanda,Benson,1989-03-12
681,Merlyn,Delacruz,1973-11-20
682,Britteny,Mercer,1973-03-02
683,Brande,Best,1972-05-01
684,Drusilla,Dodson,1982-05-15
685,Kiera,Ratliff,1990-01-17
686,Nicolle,Giles,1987-09-09
687,Lavenia,Holmes,1966-09-16
688,Nida,Tillman,2001-03-15
689,Delila,Dudley,1988-11-02
690,Georgianne,Melendez,1977-04-08
691,Lisabeth,Sweeney,1972-02-17
692,Marlen,Abbott,1991-05-16
693,Ardelle,Bridges,1988-03-20
694,Gia,Woodward,1987-06-11
695,Bruna,Williamson,1960-03-30
696,Arlyne,Parrish,1996-09-18
697,Lorean,Holder,1981-06-19
698,Towanda,Vazquez,1985-04-14
699,Qiana,Cannon,1982-06-18
700,Enda,Guzman,1980-06-11
701,Elina,Griffith,2001-02-08
702,Nerissa,Middleton,1961-01-11
703,Nicholle,Dodson,1975-06-05
704,Aaron,Barr,2000-10-01
705,Arica,Palmer,1989-12-07
706,Terrilyn,Norman,1986-07-15
707,Particia,Navarro,1961-03-28
708,Cassey,Hanson,2002-11-06
709,Marvella,George,2005-06-19
710,Isela,Mcintyre,1990-02-04
711,Zana,Mcdaniel,1977-05-18
712,January,Emerson,1968-10-23
713,Earlie,Forbes,1962-07-20
714,Kayce,Barr,1979-11-07
715,Enda,Durham,1961-02-11
716,Yer,Rivas,1960-03-05
717,Ruthanne,Munoz,1991-03-23
718,Vanesa,Baldwin,1987-10-28
719,Dong,Lee,1983-08-08
720,Jutta,Martinez,1980-09-07
721,Elvina,Mccarthy,1969-08-12
722,Tamisha,Hampton,1971-04-13
723,Delorse,Delgado,1985-03-03
724,Dalila,Anthony,1976-02-08
725,Madlyn,Henderson,2005-03-05
726,Shawanna,Silva,1995-06-11
727,Elease,Santana,1969-07-14
728,Anneliese,Hooper,1986-02-27
729,Eusebia,Burke,1979-10-03
730,Lavelle,Carson,1995-10-19
731,Hanh,Clements,1999-05-07
732,Sadye,Watts,2005-07-09
733,Lanelle,Chaney,1970-04-11
734,Hye,Phelps,1964-11-05
735,Bruna,Slater,1966-08-04
736,Avelina,Mendoza,1999-02-11
737,Lynell,Walker,1976-03-09
738,Cathern,Riddle,1983-10-23
739,Latina,Valentine,1972-03-29
740,Kimi,Gill,1990-08-25
741,Nakisha,Compton,1989-04-08
742,Necole,Flores,2000-04-09
743,Vivienne,Duffy,1982-04-21
744,Zulma,Kirkland,1967-09-13
745,Elza,Cantu,1990-12-07
746,Adriene,Austin,1973-04-17
747,Jeanene,Mcguire,1981-12-11
748,Katrice,Workman,1965-11-21
749,Diedre,Castillo,1993-12-28
750,Marylouise,Guthrie,1986-04-28
751,Sona,Blackburn,1975-09-30
752,Yon,Strickland,1962-01-03
753,Twana,Montoya,1969-04-29
754,Ignacia,Alford,1974-10-30
755,Loise,Abbott,1986-04-21
756,Page,Alford,2003-07-15
757,Delpha,Noble,1992-06-17
758,Trudi,Cobb,1968-11-23
759,Gwyneth,Sanders,1969-02-07
760,Keena,Mcintosh,1973-05-02
761,Camie,Chapman,1973-03-01
762,Mika,Hanson,1991-09-15
763,Delora,Cooper,1960-09-16
764,Catherina,Lancaster,1961-07-01
765,Lera,Parks,2004-04-17
766,Melodi,Mathis,2004-11-07
767,Jenette,Hogan,2004-08-22
768,Angila,Booker,1967-04-13
769,Larisa,Carson,1964-07-14
770,Tamiko,Dennis,1964-09-03
771,Latina,Gallagher,1966-11-01
772,Xenia,Sims,1964-01-22
773,Luba,Ortiz,1973-06-15
774,Epifania,Ferrell,1974-08-23
775,Tamala,French,2000-02-08
776,Franchesca,Hart,1978-02-01
777,Jennell,Landry,1988-03-21
778,Lannie,Mason,1964-05-27
779,Lasonya,Stephens,1961-12-06
780,Shoshana,Caldwell,1961-01-14
781,Marg,Vinson,1982-02-04
782,Sau,Gates,1998-01-17
783,Roselia,Garrison,1975-04-27
784,Tomiko,Cherry,1997-04-19
785,Kazuko,Cabrera,1968-10-02
786,Bernie,Becker,1988-03-28
787,Luanna,Medina,1989-12-15
788,Debera,Spencer,1988-03-28
789,Berenice,Harrington,1982-03-15
790,Rema,Austin,1987-01-02
791,Cordie,Barber,2002-02-16
792,Elvina,Coffey,2003-10-07
793,Daine,Phelps,1975-02-22
794,Sherly,Jacobson,1965-02-27
795,Sherill,Donovan,2003-03-14
796,Valentine,Griffith,1992-11-27
797,Rosia,Ford,1987-08-12
798,Delta,Alston,1987-09-01
799,Reagan,Mason,1967-11-25
800,Afton,Lane,1992-04-16
801,Hyon,Harrell,1988-12-16
802,Robbyn,Fulton,1975-02-16
803,Magdalen,Cooke,1980-02-15
804,Obdulia,Marquez,1998-01-29
805,Pamella,Byers,1973-03-25
806,Soo,Franks,1964-11-22
807,Gema,Finch,1987-12-27
808,Ellena,Flynn,1985-04-05
809,Muoi,Ware,1984-12-15
810,Chin,Bates,1976-01-25
811,Valery,Duran,1960-10-13
812,Bari,Sutton,1963-08-22
813,Floria,Serrano,1975-09-18
814,Valda,Hawkins,1982-06-03
815,Jacquelyne,Rios,1978-02-08
816,Pei,Alexander,1972-12-24
817,Shonna,Holden,1970-11-08
818,Mirtha,Miranda,1968-05-14
819,Bebe,Hines,2005-07-05
820,Eura,David,1985-07-21
821,Lisabeth,Harding,1993-12-20
822,Jen,Trujillo,1990-04-16
823,Frida,Robbins,1964-03-06
824,Kiesha,Patel,1987-10-26
825,Ozie,English,1966-05-16
826,Vashti,Wright,1981-03-05
827,Hana,Fletcher,1971-01-14
828,Gearldine,Noble,1996-02-27
829,Ardelle,Duffy,1998-06-03
830,Asuncion,Barton,1965-12-25
831,Terresa,Rollins,1999-05-30
832,Dannielle,Clemons,1983-01-24
833,Hermina,Meyers,1968-11-04
834,Serafina,Olson,1965-01-23
835,Shanice,Hines,1963-09-05
836,Reita,Cantu,1992-12-12
837,Song,Rosario,1967-06-20
838,Ludie,Delacruz,1991-03-25
839,Synthia,Willis,1960-07-02
840,Suzann,Munoz,1973-05-12
841,Rory,Rivas,1996-10-16
842,Leonila,Olson,1988-07-07
843,Gricelda,Harding,1991-09-22
844,Lachelle,Buckley,1968-11-25
845,Cathern,Thompson,1978-10-21
846,Shin,Vega,2001-12-03
847,Shaun,Duke,2000-05-28
848,Dorie,Hale,1983-01-22
849,Dell,Wyatt,2000-10-18
850,Darcey,Nixon,1997-10-01
851,Marivel,Pierce,1960-10-14
852,Janene,Hahn,1990-08-10
853,Jone,Colon,1980-05-31
854,Dorthey,Scott,1974-02-17
855,Elizabet,Buckley,1993-10-26
856,Shenika,Mcfadden,1983-08-09
857,Deandra,Byers,1988-09-05
858,Britni,Cruz,2005-06-29
859,Fatimah,Le,1961-07-26
860,Austin,Gould,1984-06-10
861,Arnette,Velazquez,1994-05-27
862,Aundrea,Horn,1999-01-19
863,Maryln,Baird,1961-12-19
864,Ula,Ferrell,1962-11-29
865,Meghann,Bush,2000-10-17
866,Delsie,Stevens,2001-03-19
867,Treasa,Delgado,1983-12-19
868,Kit,Wolf,1963-01-04
869,Cinderella,Chavez,1976-02-03
870,Berneice,Collier,1968-08-12
871,Roy,French,1998-03-24
872,Lachelle,Case,1980-08-26
873,Lavonna,Leblanc,1976-04-19
874,Brittny,Ayala,1976-06-29
875,Johana,Patel,1980-02-14
876,Merrill,Gould,1960-08-20
877,Natacha,Davenport,1976-10-10
878,Cody,Solomon,1991-06-03
879,Arica,Rojas,1968-08-26
880,Celsa,Hinton,1960-03-01
881,Bulah,Keller,1971-08-03
882,Kindra,Sullivan,1972-07-18
883,Letisha,Franks,1960-07-18
884,Coralee,Bell,1997-12-22
885,Lachelle,Ramsey,1969-07-13
886,Loralee,Allison,1979-11-30
887,Londa,Blackburn,1994-08-14
888,Raeann,Morrison,1975-04-01
889,Yasuko,Wheeler,1999-07-02
890,Manie,Lott,1971-09-04
891,Tari,Poole,1990-09-26
892,Lianne,Lopez,1969-08-04
893,Kasandra,Bond,1998-05-14
894,Divina,Hardy,1971-01-27
895,Keva,Allen,1962-10-13
896,Carmina,Tanner,1981-02-15
897,Laci,Brady,1982-05-15
898,Catarina,Parks,1995-06-05
899,Sherlene,Crawford,1998-09-15
900,Emely,Osborne,1979-05-20
901,Magaly,Benjamin,1985-05-05
902,Debbra,Roberts,1967-08-20
903,Debbi,Pruitt,1999-08-16
904,Nikole,Mccall,1970-09-24
905,Meda,Witt,1999-01-26
906,Jimmy,Levy,2003-10-25
907,Sina,Williamson,1973-09-12
908,Danika,Dickson,1997-03-25
909,Alease,Luna,1996-02-06
910,Elenora,Rice,1986-10-14
911,Victorina,Maldonado,1992-05-09
912,Kassie,Mejia,1989-09-05
913,Salena,Sheppard,1980-09-01
914,Nisha,Dudley,2005-10-03
915,Brynn,Miles,1964-03-13
916,Armanda,Wilkins,1970-10-03
917,Barabara,Sandoval,1983-03-07
918,Mica,Fisher,1991-01-11
919,Lilli,Parrish,1966-02-16
920,Arlinda,Burgess,1975-08-17
921,Reginia,Hensley,1998-03-03
922,Karole,Castro,1999-10-26
923,Denny,Wade,1983-04-13
924,Heide,Justice,1999-08-09
925,Delmy,Hurley,2000-01-13
926,Almeta,Mooney,1970-01-14
927,Blythe,Mays,1970-02-14
928,Fidelia,Howe,1971-01-21
929,Neely,Franks,1985-05-31
930,Malena,Wilkerson,1975-07-19
931,Kiera,Boyle,2000-02-23
932,Neta,Calhoun,1972-06-17
933,Junko,Emerson,1967-03-19
934,Karyl,Mclaughlin,1989-05-04
935,Brigid,Pierce,1981-09-30
936,Clarence,Rush,1980-03-22
937,Shela,Shields,1960-01-31
938,Takako,Sawyer,1964-06-05
939,Quiana,Kline,2004-10-25
940,Stephane,Romero,2001-08-22
941,Gigi,Leon,2005-04-12
942,Micheal,Roman,1961-06-09
943,Keva,Pope,1983-06-30
944,Daphine,Le,1993-04-02
945,Maryland,Strong,2001-03-17
946,Vania,Romero,2000-12-28
947,Lorean,Harris,1989-08-20
948,Shawana,Osborne,2002-03-26
949,Argelia,Hudson,1963-05-16
950,Sandee,Jefferson,1983-03-30
951,Sindy,Conley,1980-09-09
952,Maire,Johns,1963-12-23
953,Micki,Leon,1972-07-25
954,Melvin,Boyer,1961-06-11
955,Camie,Farley,1970-07-10
956,Domenica,Foster,1975-12-26
957,Meridith,Moreno,1986-04-22
958,Freeda,Diaz,2001-01-08
959,Ranae,Webster,1974-04-16
960,Tamatha,Richmond,1977-11-19
961,Angle,Jones,1997-02-04
962,Maire,Stokes,1996-11-28
963,Venice,Lindsey,1979-02-24
964,Laraine,Madden,1997-11-17
965,Annalisa,Long,1988-02-07
966,Raye,Collier,1992-09-12
967,Mickie,Craig,1960-09-09
968,Alysha,Hancock,1980-02-29
969,Tequila,Hensley,1994-05-10
970,Kindra,Hammond,2004-10-07
971,Antonina,Duffy,1992-04-28
972,Freeda,Rodriquez,1988-04-30
973,Signe,Talley,1984-02-01
974,Madelaine,Farrell,1985-10-21
975,Florencia,Kane,2005-04-15
976,Calista,Love,1970-01-01
977,Delana,Kennedy,1971-03-01
978,Irina,Alston,1990-09-07
979,Rossana,Reid,1964-07-06
980,Loreta,Campos,1996-04-27
981,Lieselotte,Stokes,1975-08-15
982,Syreeta,Lindsay,1982-09-16
983,Kimber,Price,1973-05-10
984,Maryam,Wilder,1960-09-28
985,Avery,Mcfadden,1989-11-18
986,Shalanda,Booker,1998-12-30
987,Amiee,Calderon,1973-12-08
988,Delana,Rivera,1974-03-24
989,Lajuana,Gilmore,1965-03-14
990,Nichelle,Ellison,1991-08-06
991,Junie,Robinson,1979-03-29
992,Shanti,Page,2005-04-04
993,Tereasa,Hebert,2002-01-03
994,Myung,Hensley,1961-05-01
995,Kandis,Burke,1983-10-06
996,Debbi,Butler,1989-10-05
997,Fatimah,Wilkerson,1982-01-10
998,Charis,Peters,1991-09-10
999,Zana,Doyle,1968-04-29
